{"stats":{"minecraft:mined":{"minecraft:grass":11,"minecraft:grass_block":4,"minecraft:dirt":1},"minecraft:picked_up":{"minecraft:snowball":4,"minecraft:dirt":12},"minecraft:killed_by":{"minecraft:zombie":2,"minecraft:creeper":1},"minecraft:used":{"minecraft:dirt":12,"minecraft:snowball":2},"minecraft:custom":{"minecraft:jump":122,"minecraft:damage_dealt":146,"minecraft:time_since_rest":3425,"minecraft:damage_taken":937,"minecraft:leave_game":6,"minecraft:crouch_one_cm":2196,"minecraft:play_time":8419,"minecraft:sprint_one_cm":18845,"minecraft:time_since_death":3245,"minecraft:walk_one_cm":8392,"minecraft:deaths":3,"minecraft:sneak_time":514,"minecraft:total_world_time":8419,"minecraft:fly_one_cm":27265,"minecraft:fall_one_cm":3971}},"DataVersion":3465}