{"stats":{"minecraft:picked_up":{"minecraft:snowball":2,"minecraft:dirt":12},"minecraft:used":{"minecraft:dirt":12},"minecraft:killed_by":{"minecraft:zombie":2,"minecraft:creeper":1},"minecraft:custom":{"minecraft:jump":119,"minecraft:damage_dealt":146,"minecraft:time_since_rest":2521,"minecraft:damage_taken":842,"minecraft:leave_game":5,"minecraft:crouch_one_cm":2104,"minecraft:play_time":7515,"minecraft:sprint_one_cm":18157,"minecraft:time_since_death":2341,"minecraft:walk_one_cm":8241,"minecraft:deaths":3,"minecraft:sneak_time":460,"minecraft:total_world_time":7515,"minecraft:fly_one_cm":26742,"minecraft:fall_one_cm":3762},"minecraft:mined":{"minecraft:grass":11,"minecraft:grass_block":2,"minecraft:dirt":1}},"DataVersion":3465}