{"stats":{"minecraft:picked_up":{"minecraft:dirt":2},"minecraft:used":{"minecraft:dirt":2},"minecraft:killed_by":{"minecraft:creeper":1},"minecraft:custom":{"minecraft:jump":52,"minecraft:time_since_rest":2047,"minecraft:damage_dealt":18,"minecraft:damage_taken":270,"minecraft:crouch_one_cm":512,"minecraft:leave_game":2,"minecraft:play_time":3309,"minecraft:sprint_one_cm":12052,"minecraft:time_since_death":2018,"minecraft:walk_one_cm":3196,"minecraft:deaths":1,"minecraft:sneak_time":138,"minecraft:total_world_time":3309,"minecraft:fall_one_cm":1672,"minecraft:fly_one_cm":12127},"minecraft:mined":{"minecraft:grass_block":1,"minecraft:grass":5,"minecraft:dirt":1}},"DataVersion":3465}